Dealership,dealership_logo_url,dealership_footer_url,dealership_footer_alt,dealership_footer_phone,dealership_footer_text,new_inventory_footer_url,used_inventory_footer_url,service_footer_url,gubagoo_footer_url,instagram_footer_url,facebook_footer_url,showroom_footer_hours,service_footer_hours,Footer-address,New_Specials_url,Last_Chance_Url
Acura Thousand Oaks,https://enfoilk.stripocdn.email/content/guids/CABINET_971bbb5f59a2c161fb05ba832ab86ebe1f403e5848147dc274ffbe517bb95474/images/swickard_acura_of_thousand_oaks_w_1_1_qB6.png,https://www.swickardacuraofthousandoaks.com/,Acura Thousand Oaks,18053715800,1-805-371-5800,https://www.swickardacuraofthousandoaks.com/searchnew.aspx,https://www.swickardacuraofthousandoaks.com/searchused.aspx?Dealership=Swickard%20Acura%20Thousand%20Oaks,https://www.swickardacuraofthousandoaks.com/schedule-an-appointment.html,https://gubagoo.io/live-chat/136718?toolbar_id=1,https://www.instagram.com/acuraofthousandoaks/,https://www.facebook.com/AcuraThousandOaks/,"Monday - Saturday 9:00am - 8:00pm
<br>
Sunday 10:00am - 7:00pm","Monday - Friday 7:30am - 6:00pm
<br>
Saturday 7:30am - 4:00pm
<br>
Sunday Closed","3945 Auto Mall Dr., Thousand Oaks, CA 91362
",https://www.swickardacuraofthousandoaks.com/newspecials.html,https://www.swickardacuraofthousandoaks.com/last-chance-specials.html
Audi Bellingham,https://enfoilk.stripocdn.email/content/guids/CABINET_bcdc7e694da46fc3254c63e74b507a75010bb157a8e2194b32858d23fa6c08af/images/image_7R4.png,https://www.audibellingham.com/,Audi Bellingham,13607345230,1-360-734-5230,https://www.audibellingham.com/new-inventory/index.htm,https://www.audibellingham.com/used-inventory/index.htm,https://www.audibellingham.com/schedule-service-online.htm,https://gubagoo.io/live-chat/136796?toolbar_id=1,https://www.instagram.com/audibellingham/,https://www.facebook.com/AudiBellingham?_cl=MUfN0D9mp0ghYXcAo9rs2qaY,"Monday - Friday 9:00am - 7:00pm
<br>
Saturday 9:00am - 6:00pm
<br>
Sunday 10:00am - 5:00pm","Monday - Friday 7:30am - 5:00pm
<br>
Saturday 8:00am - 3:00pm
<br>
Sunday Closed","2200 Iowa St., Bellingham, WA 98229",https://www.audibellingham.com/promotions/new/index.htm,https://www.audibellingham.com/last-chance-specials.htm
Volkswagen Bellingham,https://enfoilk.stripocdn.email/content/guids/CABINET_2c2a69ccb6bd8c2b7cdd423d16f8720ec9774e2cc43bc8b0d94916ec1ab3fc67/images/swickard_volkswagen_of_bellingham_logo_b.png,https://www.volkswagenofbellingham.com/,Volkswagen Bellingham,13607345230,1-360-734-5230,https://www.volkswagenofbellingham.com/searchnew.aspx,https://www.volkswagenofbellingham.com/searchused.aspx,https://www.volkswagenofbellingham.com/schedule-service.html,https://gubagoo.io/live-chat/136790?toolbar_id=1,https://www.instagram.com/volkswagenbellingham/,https://www.facebook.com/VWofBellingham,"Monday - Friday 9:00 am - 7:00 pm
<br>
Saturday 9:00am - 6:00pm
Sunday 10:00am - 5:00pm","Monday - Friday 7:30am - 5:30pm
<br>
Saturday 8:00am - 3:00pm
<br>
Sunday - Closed","2200 Iowa St., Bellingham, WA 98229",https://www.volkswagenofbellingham.com/newspecials.html,https://www.volkswagenofbellingham.com/managers-pre-owned-specials.html
Audi Oakland,https://enfoilk.stripocdn.email/content/guids/CABINET_34e58626194c29c944be645fdb06f442f9efb896b57894cba911ce455d4147c6/images/audi_logo_w_red_IYI.png,https://www.audiofoakland.com/,Audi Oakland,15108662900,1-510-866-2900,https://www.audioakland.com/new-inventory/index.htm?accountId=audioakland2560websterstaoa,https://www.audioakland.com/used-inventory/index.htm?accountId=audioakland2560websterstaoa,https://www.audioakland.com/service/scheduler.htm,https://gubagoo.io/live-chat/125003?toolbar_id=1,https://www.instagram.com/swickardaudioakland/,https://www.facebook.com/audioakland,"Monday - Thursday 9:00 am - 7:00 pm
<br>
Friday - Saturday 9:00am - 8:00pm
<br>
Sunday - 10:00am-6:00pm","Monday - Friday 7:30am - 6:00pm
<br>
Saturday - 8:00am-4:00pm
<br>
Sunday - Closed","7201 Oakport St., Oakland, CA 94621
",https://www.audioakland.com/promotions/new/index.htm,https://www.audioakland.com/last-chance-specials.htm
Audi Palo Alto,https://enfoilk.stripocdn.email/content/guids/CABINET_3501b66b9d4cdf5e68a97f7100c5e38967a458a7f06523e5561e4b99ae8e9988/images/image_nZA.png,https://www.audipaloalto.com/,Audi Palo Alto,16508566300,1-650-856-6300,https://www.audipaloalto.com/new-inventory/index.htm?accountId=audipaloaltocaaoa,https://www.audipaloalto.com/used-inventory/index.htm?accountId=audipaloaltocaaoa,https://www.audipaloalto.com/schedule-service.htm,https://gubagoo.io/live-chat/124604?toolbar_id=7,https://www.instagram.com/audipaloalto/,https://www.facebook.com/SwickardAudiPaloAlto,"Monday - Saturday 9:00am - 7:00pm
<br>
Sunday - 10:00am-5:00pm","Monday - Friday 7:30am - 6:00pm
<br>
Saturday - 8:00am-4:00pm
<br>
Sunday - Closed","1730 Embarcadero Rd., Palo Alto, CA 94303

",https://www.audipaloalto.com/lease-specials.htm,https://www.audipaloalto.com/last-chance-specials.htm
BMW of Eugene,https://enfoilk.stripocdn.email/content/guids/CABINET_a82c84c6f5e5c07450865ebf42f6be87a2929b838f0a41378043fa43766b194e/images/bmw_of_eugene_logo_w.png,https://www.bmwofeugene.com/,BMW of Eugene,15413421763,1-541-342-1763,https://www.bmwofeugene.com/searchnew.aspx,https://www.bmwofeugene.com/searchused.aspx?Dealership=BMW%20of%20Eugene,https://www.bmwofeugene.com/schedule-service.html,https://gubagoo.io/live-chat/116752?toolbar_id=1,https://www.instagram.com/bmwofeugene/,https://www.facebook.com/bmweug/,"Monday - Saturday 9:00am - 7:00pm
<br>
Sunday 10:00am - 6:00pm","Monday - Friday 7:30am - 5:00pm
<br>
Saturday - 9:00am - 3:00pm
<br>
Sunday Closed.","2100 Martin Luther King Jr. Blvd., Eugene, OR 97401
",https://www.bmwofeugene.com/newspecials.html,https://www.bmwofeugene.com/last-chance-specials.html
BMW of Lynnwood,https://enfoilk.stripocdn.email/content/guids/CABINET_b3a953aa3e8d49d9cbcd43c817e56ddee03ceac5cde27baaf1776c979c1caff9/images/bmw_of_lynnwood_logo_w.png,https://www.swickardbmwlynnwood.com/,BMW of Lynnwood,14252980590,1-425-298-0590,https://www.bmwlynnwood.com/searchnew.aspx,https://www.bmwlynnwood.com/searchused.aspx,https://www.bmwlynnwood.com/service-department.html,https://gubagoo.io/live-chat/136706?toolbar_id=1,https://www.instagram.com/bmwlynnwood/,https://www.facebook.com/bmwlynnwood,"Monday - Saturday 9:00am - 7:00pm
<br>
Sunday 10:00am - 6:00pm","Monday - Friday 7:00am - 6:00pm
<br>
Saturday - 8:00am - 5:00pm
<br>
Sunday - Closed","18700 Hwy 99
Lynnwood, WA 98037",https://www.bmwlynnwood.com/newspecials.html,https://www.bmwlynnwood.com/last-chance-specials.html
Crown Toyota,https://enfoilk.stripocdn.email/content/guids/CABINET_a88c8ed495e30eddbf876116fec5d2a5f07d6c1ea1c8baa29e429d190a2b4c15/images/crown_toyota_logo_white_3.png,https://www.crowntoyota.com/,Crown Toyota,19093909700,1-909-390-9700,https://www.crowntoyota.com/searchnew.aspx,https://www.crowntoyota.com/used/,https://www.crowntoyota.com/schedule-service.html,https://gubagoo.io/live-chat/136712?toolbar_id=1,https://www.instagram.com/crowntoyota/,https://www.facebook.com/GoCrownToyota/,"Monday - Sunday 8:30am - 9:00pm

","Monday - Friday 7:00AM - 6:00PM
<br>
Saturday - 6:30AM - 5:00PM
<br>
Sunday Closed.","1201 Kettering Dr., Ontario, CA 91761


",https://www.crowntoyota.com/newspecials.html,https://www.crowntoyota.com/last-chance-specials.html
Gresham Toyota,https://enfoilk.stripocdn.email/content/guids/CABINET_f8cb45fcd1dc5149225f467589e77c090847a461b8415f4960b301e335ab48ce/images/image_RYP.png,https://www.greshamtoyota.com/,Gresham Toyota,15036671135,1-503-667-1135,https://www.greshamtoyota.com/searchnew.aspx,https://www.greshamtoyota.com/searchused.aspx?Dealership=Gresham%20Toyota,https://www.greshamtoyota.com/service-appointment,https://gubagoo.io/live-chat/114625?toolbar_id=4,https://www.instagram.com/greshamtoyota/,https://www.facebook.com/ToyotaGresham/,"Monday - Saturday 8:00AM - 8:00PM
<br>
Sunday - 10:00AM - 7:00PM","Monday - Saturday 7:00AM - 7:00PM
<br>
Sunday - Closed","950 NE Hogan Dr., Gresham, OR 97030

",https://www.greshamtoyota.com/newspecials.html,https://www.greshamtoyota.com/last-chance-specials.html
Cadillac Anchorage,https://enfoilk.stripocdn.email/content/guids/CABINET_a2b59f277eae1af8d3e2cab2cadf96bbd70300502f54ab72d5a9845f8aec6e51/images/cadillac_anchorage_1_b_jX8.png,https://www.cadillacanchorage.com/,Cadillac Anchorage,19078853045,1-907-885-3045,https://www.cadillacanchorage.com/searchnew.aspx,https://www.cadillacanchorage.com/searchused.aspx,https://www.cadillacanchorage.com/schedule-service,https://gubagoo.io/live-chat/138270?toolbar_id=1,https://www.instagram.com/cadillacanchorage/,https://www.facebook.com/cadillacanchorage,"Monday - Saturday 8:00AM - 8:00PM
<br>
Sunday - 11:00AM - 7:00PM","Monday - Friday 7:00AM - 6:00PM
<br>
Saturday - 8:00AM - 4:30PM
<br>
Sunday - Closed","1300 E 5th Ave., Anchorage, AK 99501
",https://www.cadillacanchorage.com/newspecials.html,https://www.cadillacanchorage.com/managers-pre-owned-specials.html
Swickard Anchorage,https://enfoilk.stripocdn.email/content/guids/CABINET_6b107c80d0945bc89d1d062ad9e4a25cc7c40ea5956b0a69a5614980efe9723f/images/gmc_swickard_anchorage_1_b.png,https://www.swickardanchorage.com/,Swickard Anchorage,19072799641,1-907-279-9641,https://www.swickardanchorage.com/searchnew.aspx,https://www.swickardanchorage.com/used/,https://www.swickardanchorage.com/schedule-service,https://gubagoo.io/live-chat/136673?toolbar_id=1,https://www.instagram.com/swickardanchorage/,https://www.facebook.com/swickardanchorage/#,"Monday - Saturday 8:00AM - 8:00PM
<br>
Sunday - 11:00AM - 7:00PM","Monday - Friday 7:00AM - 6:00PM
<br>
Saturday - 8:00AM - 4:30PM
<br>
Sunday - Closed","1300 E 5th Ave., Anchorage, AK 99501
",https://www.swickardanchorage.com/newspecials.html,https://www.swickardanchorage.com/last-chance-specials.html
Swickard GMC Palmer,https://enfoilk.stripocdn.email/content/guids/CABINET_644792465dd744beb5aa28bf4a13268e7ac2635de7293bcd9c9631b570e2e46f/images/gmc_swickard_palmer_1_b_DIi.jpg,https://www.swickardpalmer.com/,Swickard GMC Palmer,19077614400,1-907-761-4400,https://www.swickardpalmer.com/searchnew.aspx,https://www.swickardpalmer.com/searchused.aspx,https://www.swickardpalmer.com/schedule-service,https://gubagoo.io/live-chat/136676?toolbar_id=1,https://www.instagram.com/swickardpalmer/,https://www.facebook.com/swickardpalmer,"Monday - Saturday 8:00AM - 7:00PM
<br>
Sunday - 11:00AM - 7:00PM","Monday - Friday 7:00AM - 6:00PM
<br>
Saturday - 8:00AM - 5:00PM
<br>
Sunday - Closed","6275 E Blue Lupin Dr., Palmer, AK 99645
",https://www.swickardpalmer.com/newspecials.html,https://www.swickardpalmer.com/last-chance-specials.html
Cadillac Thousand Oaks,https://enfoilk.stripocdn.email/content/guids/CABINET_025eb94d587187c5f7b39627cf09fc8d3f1c7681bfd98f998b437106a0e8b431/images/cadillac_of_thousand_oaks_b_1_y1Q.png,https://www.cadillacthousandoaks.com/,Cadillac Thousand Oaks,18056912842,1-805-691-2842,https://www.cadillacthousandoaks.com/searchnew.aspx,https://www.cadillacthousandoaks.com/searchused.aspx?Dealership=Swickard%20Cadillac%20of%20Thousand%20Oaks,https://www.cadillacthousandoaks.com/service-scheduler.html,https://gubagoo.io/live-chat/136685?toolbar_id=1,https://www.instagram.com/cadillacofthousandoaks/,https://www.facebook.com/CadillacThousandOaks/,"Monday - Saturday 9:00AM - 8:00PM
<br>
Sunday - 10:00AM - 7:00PM","Monday - Friday 7:00AM - 6:00PM
<br>
Saturday - 8:00AM - 4:00PM
<br>
Sunday - Closed","3601 Auto Mall Dr., Thousand Oaks, CA 91362

",https://www.cadillacthousandoaks.com/newspecials.html,https://www.cadillacthousandoaks.com/last-chance-specials.html
Swickard Buick GMC of Thousand Oaks,https://enfoilk.stripocdn.email/content/guids/CABINET_fff22e30fcefb36bd4a9ba849bd910260218244a223c223356aa40bf208ea905/images/swickard_thousand_oaks_buick_gmc_b_2_Ay9.png,https://www.swickardbuickgmcthousandoaks.com/,"Buick, GMC Thousand Oaks",18056912325,1-805-691-2325,https://www.swickardbuickgmcthousandoaks.com/searchnew.aspx,https://www.swickardbuickgmcthousandoaks.com/searchused.aspx?Dealership=Swickard%20Buick%20GMC%20of%20Thousand%20Oaks,https://www.swickardbuickgmcthousandoaks.com/schedule-service.html,https://gubagoo.io/live-chat/136688?toolbar_id=1,https://www.instagram.com/buickgmcofthousandoaks/,https://www.facebook.com/BuickGMCofThousandOaks,"Monday - Saturday 9:00AM - 8:00PM
<br>
Sunday - 10:00AM - 7:00PM","Monday - Friday 7:00AM - 6:00PM
<br>
Saturday - 8:00AM - 4:00PM
<br>
Sunday - Closed","3601 Auto Mall Dr., Thousand Oaks, CA 91362

",https://www.swickardbuickgmcthousandoaks.com/newspecials.html,https://www.swickardbuickgmcthousandoaks.com/managers-pre-owned-specials.html
Chevrolet Thousand Oaks,https://enfoilk.stripocdn.email/content/guids/CABINET_0738cac971eaf567f2e262cd8b4a1908e2462f83f25ac67988f3f878a16c61e0/images/chevrolet_thousand_oaks_1_b.png,https://www.swickardchevrolet.com/,Chevrolet Thousand Oaks,18053507490,1-805-350-7490,https://www.swickardchevrolet.com/searchnew.aspx,https://www.swickardchevrolet.com/searchused.aspx?Dealership=Swickard%20Chevrolet%20of%20Thousand%20Oaks,https://www.swickardchevrolet.com/service-scheduler.html,https://gubagoo.io/live-chat/136682?toolbar_id=1,https://www.instagram.com/chevroletofthousandoaks/,https://www.facebook.com/ChevroletThousandOaks,"Monday - Saturday 9:00AM - 8:00PM
<br>
Sunday - 10:00AM - 7:00PM","Monday - Friday 7:00AM - 6:00PM
<br>
Saturday - Closed
<br>
Sunday - Closed","3440 Thousand Oaks BLVD., Thousand Oaks, CA 91362

",https://www.swickardchevrolet.com/newspecials.html,https://www.swickardchevrolet.com/last-chance-specials.html
Swickard Honda Gladstone,https://enfoilk.stripocdn.email/content/guids/CABINET_4a1d2b865c512ed53b5c21c566d15ff261a17473a0b639003e77a8ee616e6345/images/swickard_honda_white_oy5.png,https://www.swickardhonda.com/,Swickard Honda Gladstone,15037225000,1-503-722-5000,https://www.swickardhonda.com/searchnew.aspx,https://www.swickardhonda.com/searchused.aspx?Dealership=Swickard%20Honda,https://www.swickardhonda.com/schedule-service,https://gubagoo.io/live-chat/116749?toolbar_id=1,https://www.instagram.com/swickardhonda/,https://www.facebook.com/swickardhonda/,"Monday - Saturday 9:00AM - 8:00PM
<br>
Sunday - 10:00AM - 7:00PM","Monday - Friday 7:00AM - 6:00PM
<br>
Saturday - 8:00AM - 5:00PM
<br>
Sunday - Closed","19400 SE McLoughlin Blvd., Gladstone, OR 97027

",https://www.swickardhonda.com/newspecials.html,https://www.swickardhonda.com/last-chance-specials.html
Swickard Honda Thousand Oaks,https://enfoilk.stripocdn.email/content/guids/CABINET_08a6aebf46848a4e8771a0fc2166f41337c0074f351148e2c3332d6cd71d6a0b/images/swickard_honda_of_thousand_oaks_logo_white_1_tu0.png,https://www.hondaofthousandoaks.com/,Swickard Honda Thousand Oaks,18053715500,1-805-371-5500,https://www.hondaofthousandoaks.com/searchnew.aspx,https://www.hondaofthousandoaks.com/searchused.aspx?Dealership=Swickard%20Honda%20Thousand%20Oaks,https://www.hondaofthousandoaks.com/schedule-service.html,https://gubagoo.io/live-chat/136709?toolbar_id=1,https://www.instagram.com/hondaofthousandoaks/,https://www.facebook.com/HondaThousandOaks,"Monday - Saturday 9:00AM - 8:00PM
<br>
Sunday - 10:00AM - 7:00PM","Monday - Friday 7:30AM - 6:00PM
<br>
Saturday - 7:30AM - 4:00PM
<br>
Sunday - Closed","3925 Auto Mall Dr., Thousand Oaks, CA 91362

",https://www.hondaofthousandoaks.com/newspecials.html,https://www.hondaofthousandoaks.com/searchused.aspx
Land Rover San Francisco,https://enfoilk.stripocdn.email/content/guids/CABINET_083630d765956ff46413fcb14ec5405294864c3f30ff39a4b41967528e1995eb/images/lr_sf_w_2_pEl.png,https://www.landroversanfrancisco.com/,Land Rover San Francisco,14157767700,1-415-776-7700,https://www.landroversanfrancisco.com/new-inventory/index.htm?accountId=landroversanfranciscocalr,https://www.landroversanfrancisco.com/used-inventory/index.htm?accountId=landroversanfranciscocalr,https://www.landroversanfrancisco.com/service-appointments.htm,https://gubagoo.io/live-chat/127390?toolbar_id=3,https://www.instagram.com/landroversanfrancisco/,https://www.facebook.com/LandRoverSanFrancisco?_cl=5LSlWvvMbvPOPy9bBrTjMD42,"Monday - Saturday 9:00AM - 7:00PM
<br>
Sunday - 10:00AM - 7:00PM","Monday - Friday 7:30AM - 6:00PM
<br>
Saturday - 9:00AM - 2:00PM
<br>
Sunday - Closed","901 Van Ness Ave., San Francisco, CA 94109
",https://www.landroversanfrancisco.com/promotions/new/index.htm,https://www.landroversanfrancisco.com/last-chance-specials.htm
Land Rover Redwood City,https://enfoilk.stripocdn.email/content/guids/CABINET_6f46db6040dce738e3814036ce74d38d33bb84a9b3b49f255de208a05d9dcea4/images/land_rover_redwood_city_2_w_ivM.png,https://www.landroverrc.com/,Land Rover Redwood City,16505694777,1-650-569-4777,https://www.landroverrc.com/new-inventory/index.htm?accountId=landroverredwoodcitycallr,https://www.landroverrc.com/used-inventory/index.htm?accountId=landroverredwoodcitycallr,https://www.landroverrc.com/service-appointments.htm,https://gubagoo.io/live-chat/127393?toolbar_id=2,https://www.instagram.com/landrover.redwoodcity/,https://www.facebook.com/landroverrc/,"Monday - Saturday 9:00AM - 6:00PM
<br>
Sunday - 10:00AM - 6:00PM","Monday - Friday 7:30AM - 5:30PM
<br>
Saturday - Closed
<br>
Sunday - Closed","440 Convention Wy., Redwood City, CA 94063
",https://www.landroverrc.com/promotions/new/index.htm,https://www.landroverrc.com/last-chance-specials.htm
Land Rover Thousand Oaks,https://enfoilk.stripocdn.email/content/guids/CABINET_68bfe8013843fa13f1d19245e52335d8a56d254564ab9dec2ed1090f0aa8d52d/images/land_rover_thousand_oaks_w_2_tVR.png,https://www.landroverthousandoaks.com/,Land Rover Thousand Oaks,18054097802,1-805-409-7802,https://www.landroverthousandoaks.com/new-inventory/index.htm,https://www.landroverthousandoaks.com/used-inventory/index.htm?accountId=landroverthousandoakslr,https://www.landroverthousandoaks.com/service-scheduler.htm,https://gubagoo.io/live-chat/136721?toolbar_id=1,https://www.instagram.com/landroverofthousandoaks/,https://www.facebook.com/landroverofthousandoaks/,"Monday - Saturday 9:00 AM - 8:00 PM
<br>
Sunday - 10:00 AM - 7:00 PM","Monday - Friday 7:00AM - 6:00PM
<br>
Saturday - 9:00AM - 4:00PM
<br>
Sunday - Closed","3595 Auto Mall Dr., Thousand Oaks, CA 91362
",https://www.landroverthousandoaks.com/promotions/new/index.htm,https://www.landroverthousandoaks.com/last-chance-specials.htm
Lexus of Fremont,https://enfoilk.stripocdn.email/content/guids/CABINET_75d39f243493f4b2b86da479e7ae705b16ec7da482ecd8cf12c9a101895b83aa/images/lexus_of_fremont_white_2_tVk.png,https://www.lexusfremont.com/,Lexus of Fremont,15106576600,1-510-657-6600,https://www.lexusfremont.com/searchnew.aspx?Dealership=Lexus%20of%20Fremont,https://www.lexusfremont.com/searchused.aspx?Dealership=Lexus%20of%20Fremont,https://www.lexusfremont.com/schedule-service.html,https://gubagoo.io/live-chat/136697?toolbar_id=1,https://www.instagram.com/lexusfremont/,https://www.facebook.com/LexusFremont/,"Monday - Saturday 9:00AM - 8:00PM
<br>
Sunday - 11:00AM - 6:00PM","Monday - Friday 7:00AM - 6:00PM
<br>
Saturday -7:00AM - 5:00PM
<br>
Sunday - Closed","5600 Cushing Pkwy, Fremont, CA 94538

",https://www.lexusfremont.com/newspecials.html,https://www.lexusfremont.com/last-chance-specials.html
Lexus of Thousand Oaks,https://enfoilk.stripocdn.email/content/guids/CABINET_3cf5a23322edca8d27c561a748a56fbfbffda42d044ee7ea10e9b2ea513b3725/images/lexus_thousand_oaks_w_1_1.png,https://www.lexusofthousandoaks.com/,Lexus of Thousand Oaks,18052673400,1-805-267-3400,https://www.lexusofthousandoaks.com/searchnew.aspx,https://www.lexusofthousandoaks.com/searchused.aspx?Dealership=Lexus%20of%20Thousand%20Oaks,https://www.lexusofthousandoaks.com/schedule-service.html,https://gubagoo.io/live-chat/136724?toolbar_id=1,https://www.instagram.com/lexusofthousandoaks/,https://www.facebook.com/LexusThousandOaks,"Monday - Saturday 9:00AM - 8:00PM
<br>
Sunday - 10:00AM - 7:00PM","Monday - Friday 7:00AM - 6:00PM
<br>
Saturday -7:30AM - 4:00PM
<br>
Sunday - Closed","3755 Auto Mall Dr., Thousand Oaks, CA 91362

",https://www.lexusofthousandoaks.com/newspecials.html,https://www.lexusofthousandoaks.com/last-chance-specials.html
Mercedes-Benz of Anchorage,https://enfoilk.stripocdn.email/content/guids/CABINET_bc1706ed32e4b1b9c88c7428b002ff17a29cc0adaf34defc2c5d6b4f4a1a4327/images/mercedesbenz_of_anchorage_w_oXd.jpg,https://www.mbofanchorage.com/,Mercedes-Benz of Anchorage,19072657560,1-907-265-7560,https://www.mbofanchorage.com/searchnew.aspx,https://www.mbofanchorage.com/searchused.aspx,https://www.mbofanchorage.com/schedule-service,https://gubagoo.io/live-chat/120919?toolbar_id=1,https://www.instagram.com/mercedesbenzanchorage/,https://www.facebook.com/MBanchorage/,"Monday - Friday 8:00AM - 7:00PM
<br>
Saturday 9:00AM - 8:00AM
<br>
Sunday - 10:00AM - 5:00PM","Monday - Friday 8:00AM - 6:00PM
<br>
Saturday -8:00AM - 4:00PM
<br>
Sunday - Closed","1000 E 6th Ave., Anchorage, AK, 99501
",https://www.mbofanchorage.com/newspecials.html,https://www.mbofanchorage.com/last-chance-specials.html
Mercedes-Benz of Seattle,https://enfoilk.stripocdn.email/content/guids/CABINET_1e0c5c98f8ff05a95ed1f5f784a89ac68afa9dca0e264f0090f437bc6cd7c892/images/image_Jws.jpeg,https://www.mbseattle.com/,Mercedes-Benz of Seattle,12064679999,1-206-467-9999,https://www.mbseattle.com/searchnew.aspx?Dealership=Mercedes-Benz%20of%20Seattle,https://www.mbseattle.com/searchused.aspx?Dealership=Mercedes-Benz%20of%20Seattle,https://www.mbseattle.com/service.aspx,https://gubagoo.io/live-chat/116773?toolbar_id=1,https://www.instagram.com/mercedesbenz.seattle/,https://www.facebook.com/mbseattle/,"Monday - Saturday 9:00AM - 8:00PM
<br>
Sunday - 10:00AM - 6:00PM","Monday - Friday 7:00AM - 6:00PM
<br>
Saturday -8:00AM - 6:00PM
<br>
Sunday - Closed","2025 Airport Way South, Seattle, WA 98134
",https://www.mbseattle.com/next-to-new-specials.html,https://www.mbseattle.com/last-chance-specials.html
Mercedes-Benz of Thousand Oaks,https://enfoilk.stripocdn.email/content/guids/CABINET_bc7a9292c4f48fee0d367fdd609261946014d8d12ce94eef43ba1634161a731b/images/mercedes_benz_of_thousand_oaks_w_x0i.jpg,https://www.mbzthousandoaks.com/,Mercedes-Benz of Thousand Oaks,18053715400,1-805-371-5400,https://www.mbzthousandoaks.com/searchnew.aspx,https://www.mbzthousandoaks.com/searchused.aspx?Dealership=Mercedes-Benz%20of%20Thousand%20Oaks,https://www.mbzthousandoaks.com/schedule-service.html,https://gubagoo.io/live-chat/136715?toolbar_id=1,https://www.instagram.com/mercedesbenzofthousandoaks/,https://www.facebook.com/MercedesBenzThousandOaks,Monday - Sunday 9:00AM - 8:00PM,"Monday - Friday 7:00AM - 6:00PM
<br>
Saturday - 8:00AM - 2:00PM
<br>
Sunday - Closed","3905 Auto Mall Dr., Thousand Oaks, CA 91362
",https://www.mbzthousandoaks.com/next-to-new-specials.html,https://www.mbzthousandoaks.com/last-chance-specials.html
Mercedes-Benz of Wilsonville,https://enfoilk.stripocdn.email/content/guids/CABINET_0dac83016d13c8bba0d180d50ae7af42dde17a4a897f73a001c2fea8e3985091/images/image.jpeg,https://www.mercedesbenzwilsonville.com/,Mercedes-Benz of Wilsonville,15034545000,1-503-454-5000,https://www.mercedesbenzwilsonville.com/searchnew.aspx?Dealership=Mercedes-Benz%20of%20Wilsonville,https://www.mercedesbenzwilsonville.com/searchused.aspx?Dealership=Mercedes-Benz%20of%20Wilsonville,https://www.mercedesbenzwilsonville.com/schedule-service,https://gubagoo.io/live-chat/116767?toolbar_id=1,https://www.instagram.com/mercedesbenzwilsonville/,https://www.facebook.com/MercedesBenzWilsonville,"Monday - Saturday 9:00AM - 8:00PM
<br>

Sunday 10:00AM - 6:00PM","Monday - Friday 7:00AM - 7:00PM
<br>
Saturday - 8:00AM - 5:00PM
<br>
Sunday - Closed","25035 SW Parkway Ave. Wilsonville, OR 97070
",https://www.mercedesbenzwilsonville.com/next-to-new-specials.html,https://www.mercedesbenzwilsonville.com/last-chance-specials.html
Mercedes-Benz of Marin,https://enfoilk.stripocdn.email/content/guids/CABINET_8dac8d131030644527484fce15adaa0f8a98d5986da066cb1b6874dc3cda73e8/images/mercedes_benz_of_marin_w.jpg,https://www.mbofmarin.com/,Mercedes-Benz of Marin,14154540582,1-415-454-0582,https://www.mbofmarin.com/searchnew.aspx?Dealership=Mercedes-Benz%20of%20Marin,https://www.mbofmarin.com/searchused.aspx,https://www.mbofmarin.com/schedule-service,https://gubagoo.io/live-chat/128971?toolbar_id=1,https://www.instagram.com/mbofmarin/,https://www.facebook.com/mercedesbenzofmarin/,"Monday - Saturday 9:00AM - 6:00PM
<br>
Sunday 10:00AM - 5:00PM","Monday - Friday 7:30AM - 5:30PM
<br>
Saturday - 8:00AM - 4:00PM
<br>
Sunday - Closed","540 Francisco Blvd. W, San Rafael, CA 94901
",https://www.mbofmarin.com/next-to-new-specials.html,https://www.mbofmarin.com/last-chance-specials.html
Mercedes-Benz of Honolulu,https://enfoilk.stripocdn.email/content/guids/CABINET_1f7a4371c6041a03982459c62b50668f1903929f1cf1b7ad4b520aa97d120fb5/images/mercedes_benz_of_honolulu_EYW.jpg,https://www.mercedesbenzofhonolulu.com/,MB Honolulu,18085923922,1-808-592-3922,https://www.mercedesbenzofhonolulu.com/searchnew.aspx,https://www.mercedesbenzofhonolulu.com/searchused.aspx?Dealership=Mercedes-Benz%20of%20Honolulu,https://www.mercedesbenzofhonolulu.com/schedule-service.html,https://gubagoo.io/live-chat/138798?toolbar_id=1,https://www.instagram.com/mercedesbenzofhonolulu/,https://www.facebook.com/mbofhonolulu/,"Monday - Friday 9:00AM - 6:00PM
<br>
Sunday 10:00AM - 5:00PM","Monday - Friday 7:00AM - 5:00PM
<br>
Saturday - 8:00AM - 2:00PM
<br>
Sunday - Closed","818 Kapiolani BLVD, Honolulu, HI 96813
",https://www.mercedesbenzofhonolulu.com/next-to-new-specials.html,https://www.mercedesbenzofhonolulu.com/last-chance-specials.html
Mercedes-Benz of Maui,https://enfoilk.stripocdn.email/content/guids/CABINET_10bd50550f1a7fc994ec787d871979c7f5dc1bf08eb1089f9612049efb34380d/images/mercedes_benz_of_maui_2.png,https://www.mbofmaui.com/,MB Maui,18088721500,1-808-872-1500,https://www.mbofmaui.com/searchnew.aspx,https://www.mbofmaui.com/searchused.aspx?Dealership=Mercedes-Benz%20of%20Maui,https://www.mbofmaui.com/schedule-service,https://gubagoo.io/live-chat/138802?toolbar_id=1,https://www.instagram.com/mercedesbenzofmaui/,https://www.facebook.com/MBofMaui/,"Monday - Friday 9:00AM - 6:00PM
<br>
Saturday 9:00AM - 5:00PM
<br>
Sunday Closed","Monday - Friday 7:00AM - 5:00PM
<br>
Saturday 8:00AM - 2:00PM
<br>
Sunday -  Closed","69 Hobron Ave, Kahului, HI 96732
",https://www.mbofmaui.com/next-to-new-specials.html,https://www.mbofmaui.com/last-chance-specials.html
Porsche Seattle North,https://enfoilk.stripocdn.email/content/guids/CABINET_215d8f20ca3014aa0520c11d3f7aa3c29f11862f4a58214054c18540c36d8cb1/images/porsche_seattle_north_b_Kek.png,https://www.porscheseattlenorth.com/,Porsche Seattle North,14252980780,1-425-298-0780,https://www.porscheseattlenorth.com/searchnew.aspx,https://www.porscheseattlenorth.com/searchused.aspx,https://www.porscheseattlenorth.com/schedule-service,https://gubagoo.io/live-chat/136691?toolbar_id=1,https://www.instagram.com/porscheseattlenorth/,https://www.facebook.com/swickardporscheseattlenorth/,"Monday - Saturday 9:00AM - 7:00PM
<br>
Sunday - 10:00AM - 6:00PM","Monday - Friday 7:30AM - 6:00PM
<br>
Saturday - 8:00AM - 4:00PM
<br>
Sunday - Closed","18600 Hwy 99, Lynnwood, WA 98037
",https://www.porscheseattlenorth.com/searchnew.aspx,https://www.porscheseattlenorth.com/managers-pre-owned-specials.html
Volkswagen Anchorage,https://enfoilk.stripocdn.email/content/guids/CABINET_4f7f813a8f3dec98934ed75d1f28d8b9184b7cfae42c6bfcc8ef6589f56b4253/images/image_3uB.png,https://www.volkswagenanchorage.com/,Volkswagen Anchorage,19072645599,1-907-264-5599,https://www.volkswagenanchorage.com/searchnew.aspx,https://www.volkswagenanchorage.com/searchused.aspx,https://www.volkswagenanchorage.com/schedule-your-next-volkswagen-service-appointment,https://gubagoo.io/live-chat/136769?toolbar_id=1,https://www.instagram.com/volkswagenofanchorage/,https://www.facebook.com/SwickardVWAnchorage,"Monday - Saturday 9:00AM - 7:00PM
<br>
Sunday - 11:00AM - 7:00PM","Monday - Friday 7:00AM - 6:00PM
<br>
Saturday -  Sunday Closed","6115 Old Seward Hwy., Anchorage, AK 99518
",https://www.volkswagenanchorage.com/newspecials.html,https://www.volkswagenanchorage.com/last-chance-specials.html
Porsche Anchorage,https://enfoilk.stripocdn.email/content/guids/CABINET_2485aa161b1f290b438a9b177b39a4091507f9707785936c42e3265d3be32465/images/porscheanchoragelogo_3Zw.jpeg,https://www.porscheanchorage.com/,Porsche Anchorage,19072725522,1 907-272-5522,https://www.porscheanchorage.com/searchnew.aspx,https://www.porscheanchorage.com/searchused.aspx,https://www.porscheanchorage.com/schedule-service,https://gubagoo.io/live-chat/136766?toolbar_id=1,https://www.instagram.com/porscheanchorage/,https://www.facebook.com/SwickardPorscheAnchorage/,"Monday - Saturday 8:00AM - 7:00PM
<br>
Sunday - 11:00AM - 7:00PM","Monday - Friday 7:00AM - 6:00PM
<br>
Saturday - Sunday Closed","6115 Old Seward Hwy., Anchorage, AK 99518
",https://www.porscheanchorage.com/searchnew.aspx,https://www.porscheanchorage.com/last-chance-specials.html
Audi Anchorage,https://enfoilk.stripocdn.email/content/guids/CABINET_d37212c36cf678e2f941a9df8b22342f8b4fd25be03364b83e9e0df0c58f408f/images/image_X35.jpeg,https://www.audiofanchorage.com/,Audi Anchorage,19072782834,1-907-278-2834,https://www.audiofanchorage.com/new-inventory/index.htm,https://www.audiofanchorage.com/used-inventory/index.htm,https://www.audiofanchorage.com/schedule-service-appointment.htm,https://gubagoo.io/live-chat/136781?toolbar_id=1,https://www.instagram.com/swickardaudianchorage/,https://www.facebook.com/swickardaudiofanchorage/,"Monday - Saturday 9:00AM - 7:00PM
<br>
Sunday - 11:00AM - 7:00PM","Monday - Friday 7:00AM - 6:00PM
<br>
Saturday - Sunday Closed","6115 Old Seward Hwy., Anchorage, AK 99518
",https://www.audiofanchorage.com/promotions/new/index.htm,https://www.audiofanchorage.com/last-change-specials.htm
Toyota 101,https://enfoilk.stripocdn.email/content/guids/CABINET_f26d07c515e4ad68a39fc0660393f7c437e30ca56400dcb7b6b65b9c40791b8b/images/swickard_toyota_101_1_white_1_9it.png,https://www.swickardtoyota101.com/,Toyota 101,16503655000,1-650-365-5000,https://www.swickardtoyota101.com/searchnew.aspx,https://www.swickardtoyota101.com/searchused.aspx,https://www.swickardtoyota101.com/schedule-service.html,https://gubagoo.io/live-chat/142200?toolbar_id=1,https://instagram.com/swickardtoyota101,https://www.facebook.com/SwickardToyota101/,"Monday - Saturday 9:00am - 8:00pm
<br>
Sunday 10:00am - 7:00pm","Monday - Saturday 7:00am - 6:00pm
<br>
Sunday Closed","386 Convention Way, Redwood City, CA 94063
",https://www.swickardtoyota101.com/newspecials.html,https://www.swickardtoyota101.com/last-chance-specials.html
Swickard Toyota,https://enfoilk.stripocdn.email/content/guids/CABINET_176dbc3b6f370d97dbf795937fd3b669ef3761b2dca665b4559b47fa89e98a07/images/swickard_toyota_logo_w_1_9j6.png,https://www.swickardtoyota.com/,Swickard Toyota,14257754422,1-425-775-4422,https://www.swickardtoyota.com/searchnew.aspx,https://www.swickardtoyota.com/searchused.aspx?Dealership=Swickard%20Toyota,https://www.swickardtoyota.com/service-appointment.html,https://gubagoo.io/live-chat/136703?toolbar_id=1,https://www.instagram.com/swickard.toyota/,https://www.facebook.com/swickardtoyota/,"Monday - Saturday 8:30am - 8:00pm
<br>
Sunday 9:30 am - 7:00 pm","Monday - Friday 7:00AM - 7:00PM
<br>
Saturday 8:00AM - 6:00PM
<br>
Sunday Closed","21300 Highway 99, Edmonds, WA 98026


",https://www.swickardtoyota.com/newspecials.html,https://www.swickardtoyota.com/last-chance-specials.html
Volvo Cars Bellevue,https://enfoilk.stripocdn.email/content/guids/CABINET_8a7617fc2e74d528e461b68eac1bf170317321340815ef8519578a1c0272ea0e/images/volvo_cars_bellevue_logo_w_1.png,https://www.volvocarsbellevue.com/,Volvo Cars Bellevue,14254705216,1-425-470-5216,https://www.volvocarsbellevue.com/new-inventory/index.htm,https://www.volvocarsbellevue.com/used-inventory/index.htm?accountId=volvocarsbellevuevcna,https://www.volvocarsbellevue.com/schedule-volvo-service.htm,https://gubagoo.io/live-chat/118039?toolbar_id=4,https://www.instagram.com/volvocarsbellevue/,https://www.facebook.com/VolvoCarsBellevue/,"Monday - Saturday 9:00 am - 7:00 pm
<br>
Sunday 10:00 am - 6:00 pm
","Monday - Friday 7:00AM - 6:00PM
<br>
Saturday 8:00AM - 5:00PM
<br>
Sunday Closed","420 116th Ave. NE, Bellevue, WA 98004
",https://www.volvocarsbellevue.com/promotions/new/index.htm,https://www.volvocarsbellevue.com/last-chance-specials.htm
Volvo Cars Seattle,https://enfoilk.stripocdn.email/content/guids/CABINET_b17189400d571d915f6152cd641c58d10d69b0f1ac262ba31c2fec25af992900/images/volvo_cars_seattle_logo_w_1.png,https://www.volvocarsseattle.com/,Volvo Cars Seattle,12063190990,1-206-319-0990,https://www.volvocarsseattle.com/new-inventory/index.htm,https://www.volvocarsseattle.com/used-inventory/index.htm?accountId=volvocarsseattlevcna,https://www.volvocarsseattle.com/schedule-service.htm,https://gubagoo.io/live-chat/116839?toolbar_id=4,https://www.instagram.com/volvoseattle/,https://www.facebook.com/volvocarsseattle/,"Monday - Friday 9:00AM - 7:00PM
<br>
Saturday 9:00AM - 6:00PM
<br>
Sunday 11:00AM - 6:00PM","Monday - Friday 7:30AM - 6:30PM
<br>
Saturday 9:00AM - 5:00PM
<br>
Sunday Closed","2700 NE 55th St., Seattle WA 98105
",https://www.volvocarsseattle.com/promotions/new/index.htm,https://www.volvocarsseattle.com/last-chance-specials.htm
Volvo Cars Southwest Houston,https://enfoilk.stripocdn.email/content/guids/CABINET_e12ec939b8f2553f86b2cee1535405ecdfe3dbc9904b1211966840537aaaf506/images/volvo_cars_southwest_houston_logo_w_1.png,https://www.volvocarssouthwesthouston.com/,Volvo Cars Southwest Houston,18775073527,1-877-507-3527,https://www.volvocarssouthwesthouston.com/new-inventory/index.htm,https://www.volvocarssouthwesthouston.com/used-inventory/index.htm,https://www.volvocarssouthwesthouston.com/schedule-service.htm,https://gubagoo.io/live-chat/136694?toolbar_id=1,https://www.instagram.com/volvoswhouston/,https://www.facebook.com/volvoswhouston/,"Monday - Friday 9:00AM - 7:00PM
<br>
Saturday 9:00AM - 6:00PM
<br>
Sunday - Closed","Monday - Friday 7:00AM - 6:00PM
<br>
Saturday 7:00AM - 3:00PM
<br>
Sunday Closed","8305 W Sam Houston Pkwy. S, Houston, TX 77072
",https://www.volvocarssouthwesthouston.com/promotions/new/index.htm,https://www.volvocarssouthwesthouston.com/last-chance-specials.htm
,,,,,,,,,,,,,,,,
**This is the identifier column. Please send a request if names need adjustment**,,,,,,,,,,,,,,,,
,,,,,,,,,,,,,,,,
,,,,,,,,,,,,,,,,
,,,,,,,,,,,,,,,,
,,,,,,,,,,,,,,,,
,,,,,,,,,,,,,,,,
,,,,,,,,,,,,,,,,
,,,,,,,,,,,,,,,,
,,,,,,,,,,,,,,,,
,,,,,,,,,,,,,,,,
,,,,,,,,,,,,,,,,
,,,,,,,,,,,,,,,,
,,,,,,, ,,,,,,,,,